Segment,WC,Analytic,Clout,Authentic,Tone,WPS,BigWords,Dic,Linguistic,function,pronoun,ppron,i,we,you,shehe,they,ipron,det,article,number,prep,auxverb,adverb,conj,negate,verb,adj,quantity,Drives,affiliation,achieve,power,Cognition,allnone,cogproc,insight,cause,discrep,tentat,certitude,differ,memory,Affect,tone_pos,tone_neg,emotion,emo_pos,emo_neg,emo_anx,emo_anger,emo_sad,swear,Social,socbehav,prosocial,polite,conflict,moral,comm,socrefs,family,friend,female,male,Culture,politic,ethnicity,tech,Lifestyle,leisure,home,work,money,relig,Physical,health,illness,wellness,mental,substances,sexual,food,death,need,want,acquire,lack,fulfill,fatigue,reward,risk,curiosity,allure,Perception,attention,motion,space,visual,auditory,feeling,time,focuspast,focuspresent,focusfuture,Conversation,netspeak,assent,nonflu,filler,AllPunc,Period,Comma,QMark,Exclam,Apostro,OtherP,Emoji
1,57,15.72,94.48,8.42,46.76,57,17.54,85.96,75.44,64.91,24.56,12.28,0,1.75,3.51,0,5.26,12.28,15.79,3.51,0,14.04,10.53,3.51,7.02,1.75,17.54,3.51,3.51,3.51,3.51,0,0,19.3,5.26,14.04,1.75,0,1.75,1.75,0,7.02,0,1.75,1.75,0,0,0,0,0,0,0,0,15.79,0,0,0,0,0,0,15.79,1.75,0,0,0,0,0,0,0,3.51,0,0,3.51,0,0,0,0,0,0,0,0,0,0,0,1.75,0,1.75,0,0,0,0,0,0,8.77,1.75,0,0,1.75,0,0,0,1.75,1.75,1.75,0,1.75,0,0,1.75,0,1.75,0,0,0,0,1.75,0,0
1,36,85.2,56.63,1.17,93.93,36,27.78,94.44,69.44,52.78,13.89,8.33,2.78,0,0,0,5.56,5.56,13.89,11.11,0,13.89,2.78,2.78,8.33,0,8.33,2.78,2.78,16.67,0,0,16.67,19.44,2.78,16.67,2.78,2.78,2.78,2.78,0,2.78,0,5.56,5.56,0,0,0,0,0,0,0,0,16.67,8.33,2.78,0,0,5.56,0,8.33,0,0,0,0,5.56,5.56,0,0,2.78,0,0,2.78,0,0,0,0,0,0,0,0,0,0,0,2.78,0,0,0,0,0,0,0,0,8.33,0,0,0,0,0,0,0,0,0,0,0,5.56,0,0,5.56,0,0,0,0,0,0,0,0,0
1,70,2.35,24.76,94.92,41.28,70,8.57,92.86,85.71,68.57,21.43,17.14,8.57,0,1.43,0,7.14,4.29,10,7.14,0,7.14,14.29,11.43,8.57,1.43,30,1.43,0,0,0,0,0,8.57,0,8.57,0,0,1.43,4.29,4.29,2.86,0,1.43,1.43,0,0,0,0,0,0,0,0,20,11.43,0,0,0,0,11.43,8.57,0,0,0,0,2.86,0,0,2.86,1.43,0,0,1.43,0,0,0,0,0,0,0,0,0,0,0,1.43,0,0,0,0,0,0,0,0,5.71,15.71,0,5.71,10,0,1.43,0,1.43,21.43,0,1.43,0,0,0,0,0,2.86,0,0,0,0,2.86,0,0
1,221,66.72,77.96,25.43,15.2,221,7.24,90.95,76.47,61.54,15.38,11.31,2.71,0.9,0.45,7.24,0,4.07,14.48,9.5,1.36,16.29,6.79,4.52,9.5,0.45,15.84,2.26,4.07,1.81,0.9,0,0.9,7.69,0.45,7.24,0.9,0.45,0,4.07,0.9,1.36,0.45,0.45,0,0.45,0,0,0,0,0,0,0,13.57,3.62,0,0,0,0,3.62,9.95,0,0,0,7.69,1.36,0,0,1.36,2.26,0,1.81,0.45,0,0,0.9,0,0,0,0,0,0,0,0,0.9,0,0.9,0,0,0,0,0,0,4.98,14.03,0,2.26,11.76,0.45,0,0,2.71,9.95,1.36,0,3.17,0,0,3.17,0,2.26,0,0,0,0,2.26,0,0
1,13,4.85,1,99,,13,0,100,100,38.46,15.38,15.38,15.38,0,0,0,0,0,0,0,0,0,7.69,7.69,7.69,0,15.38,0,0,0,0,0,0,53.85,38.46,15.38,0,0,0,0,0,7.69,0,0,0,0,0,0,0,0,0,0,0,0,0,0,0,0,0,0,0,0,0,0,0,0,0,0,0,0,0,0,0,0,0,0,0,0,0,0,0,0,0,0,0,0,0,0,0,0,0,0,0,23.08,15.38,0,0,15.38,0,0,0,0,15.38,0,0,53.85,23.08,38.46,7.69,0,0,0,0,0,0,0,0,0
1,101,49.18,45.91,62.01,1,101,10.89,95.05,81.19,62.38,12.87,10.89,2.97,0,0,5.94,0,1.98,13.86,9.9,1.98,14.85,9.9,7.92,8.91,1.98,20.79,7.92,2.97,0,0,0,0,13.86,1.98,11.88,2.97,2.97,1.98,1.98,0,2.97,0,5.94,0,5.94,0.99,0,0.99,0.99,0,0,0,13.86,4.95,0,0,0,0,3.96,8.91,0,0,0,5.94,1.98,0,0,1.98,3.96,0,3.96,0,0,0,0,0,0,0,0,0,0,0,0,0.99,0,0.99,0,0,0,0,0,0,9.9,13.86,0,1.98,10.89,0,0.99,0,5.94,12.87,0.99,0,0,0,0,0,0,0.99,0,0,0,0,0.99,0,0
1,147,19.53,67.92,42,63.07,147,10.2,92.52,78.23,59.18,21.77,15.65,7.48,1.36,0.68,3.4,2.72,6.12,18.37,8.84,0,6.8,11.56,3.4,5.44,1.36,23.81,2.72,2.04,6.8,4.76,0.68,1.36,10.88,2.72,8.16,2.72,0.68,0.68,3.4,0,1.36,0,2.72,2.72,0,0,0,0,0,0,0,0,17.69,4.76,1.36,0,0,0,3.4,12.93,3.4,0,1.36,6.12,1.36,0,0,1.36,1.36,0,0.68,0.68,0,0,2.04,2.04,1.36,0,0,0,0,0,0,1.36,0,2.72,0,0,0,0,0.68,0,6.8,6.8,0,1.36,5.44,0,0,0,2.72,9.52,0.68,2.04,3.4,1.36,2.04,1.36,0,4.08,0,0,0,0,4.08,0,0
1,28,1.23,40.06,1,,28,14.29,96.43,82.14,71.43,28.57,14.29,7.14,0,0,3.57,3.57,14.29,10.71,0,0,14.29,21.43,7.14,3.57,0,35.71,3.57,0,3.57,3.57,0,0,17.86,0,17.86,0,0,7.14,3.57,0,3.57,0,0,0,0,0,0,0,0,0,0,0,21.43,10.71,0,0,0,0,10.71,10.71,0,0,3.57,3.57,0,0,0,0,0,0,0,0,0,0,0,0,0,0,0,0,0,0,0,0,0,0,0,0,0,0,0,0,0,0,0,0,0,0,0,0,3.57,10.71,3.57,10.71,0,0,0,0,0,0,0,0,0,0,0,0,0
1,96,26.1,28.59,26.04,34.94,96,10.42,95.83,87.5,66.67,18.75,12.5,6.25,0,0,6.25,0,6.25,20.83,6.25,7.29,11.46,9.38,11.46,2.08,1.04,18.75,16.67,13.54,0,0,0,0,13.54,1.04,12.5,7.29,1.04,1.04,2.08,0,2.08,0,5.21,3.13,2.08,2.08,2.08,0,0,0,0,0,14.58,5.21,0,0,0,1.04,4.17,7.29,0,0,6.25,0,0,0,0,0,0,0,0,0,0,0,0,0,0,0,0,0,0,0,0,0,0,0,0,0,0,0,0,0,10.42,7.29,1.04,0,3.13,1.04,0,2.08,3.13,14.58,0,0,0,0,0,0,0,2.08,0,0,0,0,2.08,0,0
1,81,1,99,43.97,,81,8.64,93.83,87.65,65.43,37.04,28.4,9.88,0,8.64,8.64,0,8.64,4.94,1.23,0,6.17,9.88,11.11,1.23,1.23,30.86,1.23,1.23,3.7,3.7,0,0,23.46,3.7,19.75,14.81,0,1.23,0,2.47,0,1.23,0,0,0,0,0,0,0,0,0,0,28.4,7.41,0,0,0,0,3.7,20.99,0,0,0,8.64,0,0,0,0,0,0,0,0,0,0,3.7,0,0,0,0,0,3.7,0,0,0,0,1.23,0,1.23,0,0,0,0,12.35,1.23,0,0,1.23,0,0,0,1.23,11.11,1.23,0,2.47,0,0,2.47,0,3.7,0,0,0,0,3.7,0,0
1,86,73.85,93.3,8.25,99,86,16.28,95.35,79.07,58.14,18.6,12.79,4.65,4.65,0,3.49,0,5.81,19.77,11.63,1.16,12.79,4.65,5.81,3.49,0,18.6,9.3,6.98,9.3,5.81,1.16,2.33,15.12,1.16,13.95,4.65,2.33,1.16,3.49,0,2.33,0,8.14,8.14,0,0,0,0,0,0,0,0,19.77,5.81,0,0,0,0,3.49,13.95,0,1.16,5.81,0,1.16,0,0,1.16,4.65,0,0,3.49,2.33,0,1.16,0,0,0,0,0,0,0,0,0,1.16,1.16,0,0,0,1.16,0,1.16,5.81,4.65,1.16,1.16,1.16,0,1.16,0,1.16,10.47,1.16,0,0,0,0,0,0,1.16,0,0,0,0,1.16,0,0
1,59,1.88,1.12,99,1.14,59,3.39,89.83,84.75,66.1,20.34,10.17,10.17,0,0,0,0,10.17,10.17,1.69,3.39,6.78,13.56,11.86,6.78,0,22.03,3.39,13.56,3.39,1.69,1.69,0,18.64,0,18.64,10.17,1.69,1.69,5.08,1.69,5.08,0,3.39,0,3.39,0,0,0,0,0,0,0,1.69,0,0,0,0,0,0,1.69,0,0,0,0,0,0,0,0,0,0,0,0,0,0,0,0,0,0,0,0,0,0,0,0,0,0,0,0,0,0,0,0,11.86,8.47,0,0,6.78,0,0,1.69,8.47,20.34,0,0,3.39,0,3.39,0,0,8.47,0,0,0,0,8.47,0,0
1,73,3.16,97.79,21.11,40.28,73,10.96,94.52,80.82,67.12,23.29,19.18,5.48,5.48,4.11,2.74,0,4.11,13.7,2.74,1.37,8.22,10.96,9.59,8.22,0,21.92,4.11,2.74,5.48,5.48,0,0,20.55,0,20.55,2.74,2.74,2.74,9.59,1.37,2.74,0,1.37,1.37,0,0,0,0,0,0,0,0,23.29,9.59,0,1.37,0,0,9.59,13.7,0,0,1.37,1.37,5.48,0,0,5.48,1.37,0,0,1.37,0,0,0,0,0,0,0,0,0,0,0,0,0,0,0,0,0,0,0,0,6.85,4.11,0,0,2.74,1.37,0,0,5.48,5.48,5.48,0,0,0,0,0,0,2.74,0,0,0,0,2.74,0,0
1,79,7.63,8.15,85.92,59.98,79,16.46,94.94,79.75,67.09,17.72,12.66,10.13,0,0,2.53,0,5.06,12.66,3.8,1.27,13.92,8.86,11.39,13.92,1.27,16.46,3.8,5.06,3.8,0,2.53,1.27,11.39,2.53,8.86,2.53,1.27,0,3.8,0,1.27,0,5.06,3.8,1.27,1.27,1.27,0,0,0,0,0,7.59,1.27,0,0,0,0,0,5.06,0,1.27,0,2.53,0,0,0,0,5.06,0,0,3.8,3.8,0,0,0,0,0,0,0,0,0,0,0,0,0,0,0,0,0,0,1.27,1.27,7.59,0,2.53,5.06,0,0,0,5.06,12.66,0,1.27,1.27,0,1.27,0,0,0,0,0,0,0,0,0,0
1,25,39.7,99,13.33,,25,16,96,72,56,20,16,0,4,0,4,0,4,20,8,4,8,8,0,4,4,16,8,4,16,16,0,0,4,0,4,0,0,0,0,0,4,0,0,0,0,0,0,0,0,0,0,0,40,8,0,0,0,0,8,32,0,12,0,8,0,0,0,0,0,0,0,0,0,0,4,0,0,0,0,0,0,0,4,0,0,0,0,0,0,0,0,0,4,12,0,0,12,0,0,0,0,8,4,0,0,0,0,0,0,0,0,0,0,0,0,0,0
1,80,11.36,98.52,71.5,38.3,80,10,92.5,71.25,60,22.5,13.75,2.5,0,11.25,0,0,8.75,10,5,2.5,8.75,6.25,3.75,13.75,0,18.75,3.75,1.25,0,0,0,0,21.25,0,21.25,3.75,2.5,2.5,8.75,0,5,0,1.25,1.25,0,0,0,0,0,0,0,0,22.5,10,0,1.25,0,0,10,12.5,0,0,0,0,1.25,0,0,1.25,0,0,0,0,0,0,0,0,0,0,0,0,0,0,0,0,0,1.25,0,0,0,0,0,0,10,8.75,0,1.25,7.5,0,0,0,3.75,0,8.75,0,0,0,0,0,0,2.5,0,0,0,0,2.5,0,0
1,27,1.78,1,52.89,1,27,14.81,81.48,74.07,62.96,33.33,14.81,14.81,0,0,0,0,18.52,3.7,3.7,0,7.41,14.81,0,7.41,0,18.52,7.41,0,3.7,0,0,3.7,11.11,0,11.11,3.7,3.7,0,3.7,0,0,0,3.7,0,3.7,0,0,0,0,0,0,0,0,0,0,0,0,0,0,0,0,0,0,0,0,0,0,0,0,0,0,0,0,0,7.41,0,0,0,0,0,3.7,3.7,0,0,0,0,0,0,0,0,0,0,3.7,3.7,0,0,0,0,0,3.7,0,11.11,3.7,0,0,0,0,0,0,22.22,0,0,0,0,22.22,0,0
1,65,66.97,7.93,88.07,6.78,32.5,15.38,80,70.77,53.85,10.77,9.23,9.23,0,0,0,0,1.54,13.85,0,13.85,16.92,7.69,0,9.23,0,13.85,1.54,18.46,1.54,0,0,1.54,0,0,0,0,0,0,0,0,0,0,1.54,0,1.54,0,0,0,0,0,0,0,3.08,1.54,0,0,1.54,0,0,1.54,0,0,0,0,0,0,0,0,1.54,0,0,0,1.54,0,3.08,0,0,0,0,0,3.08,0,0,0,0,0,0,0,0,0,0,0,1.54,7.69,0,1.54,6.15,0,0,0,7.69,10.77,3.08,0,4.62,0,0,4.62,0,1.54,1.54,0,0,0,0,0,0
1,30,99,22.56,63.35,1,30,26.67,73.33,56.67,43.33,3.33,3.33,3.33,0,0,0,0,0,16.67,13.33,3.33,16.67,3.33,0,6.67,0,6.67,6.67,6.67,3.33,0,0,3.33,13.33,0,13.33,6.67,0,0,0,6.67,0,0,6.67,0,6.67,0,0,0,0,0,0,0,10,6.67,0,0,3.33,0,3.33,0,0,0,0,0,0,0,0,0,0,0,0,0,0,0,3.33,0,0,0,0,0,0,0,3.33,0,0,0,0,0,0,0,0,0,10,3.33,0,0,3.33,0,0,0,6.67,6.67,0,0,0,0,0,0,0,6.67,0,0,0,0,6.67,0,0
1,30,39.7,96.04,39.59,72.45,30,3.33,83.33,73.33,63.33,20,6.67,0,0,6.67,0,0,13.33,20,10,0,10,3.33,3.33,13.33,0,10,3.33,16.67,0,0,0,0,0,0,0,0,0,0,0,0,0,0,3.33,3.33,0,0,0,0,0,0,0,0,6.67,0,0,0,0,0,0,6.67,0,0,0,0,0,0,0,0,0,0,0,0,0,0,0,0,0,0,0,0,0,0,0,0,0,3.33,0,0,0,0,0,0,13.33,6.67,0,3.33,3.33,0,0,0,10,3.33,0,0,3.33,3.33,0,3.33,0,10,0,0,0,0,10,0,0
1,22,1,1,99,1,22,13.64,100,81.82,72.73,27.27,18.18,18.18,0,0,0,0,9.09,13.64,4.55,0,13.64,4.55,9.09,22.73,4.55,13.64,4.55,4.55,0,0,0,0,31.82,4.55,27.27,18.18,0,4.55,4.55,0,4.55,0,9.09,0,9.09,0,0,0,0,0,0,0,13.64,13.64,0,0,9.09,0,4.55,0,0,0,0,0,0,0,0,0,0,0,0,0,0,0,9.09,0,0,0,0,0,4.55,0,4.55,0,0,0,0,0,0,0,0,0,0,0,0,0,0,0,0,0,0,13.64,0,0,0,0,0,0,0,0,0,0,0,0,0,0,0
1,67,54.92,24.15,13.1,1,67,16.42,79.1,68.66,55.22,22.39,14.93,10.45,0,1.49,2.99,0,7.46,10.45,4.48,1.49,14.93,7.46,0,4.48,0,17.91,1.49,2.99,2.99,0,1.49,1.49,10.45,0,10.45,2.99,1.49,2.99,1.49,0,1.49,0,4.48,0,4.48,4.48,0,4.48,0,0,2.99,0,11.94,4.48,0,0,0,1.49,2.99,7.46,0,0,1.49,2.99,0,0,0,0,0,0,0,0,0,0,0,0,0,0,0,0,0,0,0,0,0,0,0,0,0,0,0,0,1.49,5.97,0,0,1.49,2.99,0,1.49,1.49,10.45,0,0,0,0,0,0,0,5.97,0,0,0,0,5.97,0,0
1,59,80.78,15.45,90.74,45.75,59,20.34,83.05,61.02,52.54,13.56,8.47,6.78,0,0,0,0,5.08,18.64,8.47,5.08,13.56,8.47,0,5.08,0,13.56,0,8.47,5.08,1.69,3.39,0,5.08,0,5.08,5.08,0,0,0,1.69,0,0,1.69,1.69,0,0,0,0,0,0,0,0,5.08,3.39,1.69,0,0,1.69,0,1.69,0,0,0,0,0,0,0,0,5.08,0,0,5.08,0,0,0,0,0,0,0,0,0,0,0,0,0,0,0,0,0,0,0,0,5.08,5.08,0,0,5.08,0,0,0,8.47,8.47,0,0,0,0,0,0,0,1.69,0,0,0,0,1.69,0,0
1,20,8.11,1,99,,20,15,90,85,75,25,15,15,0,0,0,0,10,10,0,0,20,15,0,10,5,30,0,0,0,0,0,0,15,5,10,5,5,0,0,0,0,0,0,0,0,0,0,0,0,0,0,0,0,0,0,0,0,0,0,0,0,0,0,0,0,0,0,0,0,0,0,0,0,0,0,0,0,0,0,0,0,0,0,0,0,0,0,0,0,0,0,0,10,10,0,5,10,0,0,0,0,5,5,5,5,5,0,0,0,0,0,0,0,0,0,0,0
1,100,42.65,98.38,63.35,20.23,100,10,92,79,65,16,13,0,5,0,2,5,3,11,7,1,16,7,8,10,1,20,1,2,5,5,0,0,6,3,3,1,0,0,1,0,1,0,2,1,1,1,1,0,0,0,0,0,20,7,0,0,0,0,6,13,0,0,0,2,0,0,0,0,5,0,5,0,0,0,1,0,0,0,0,0,0,0,0,0,0,1,0,0,0,0,0,0,8,17,2,1,13,2,0,0,6,8,2,0,0,0,0,0,0,4,0,0,0,0,3,1,0
1,53,11.97,1,96.75,99,53,20.75,92.45,77.36,62.26,26.42,18.87,18.87,0,0,0,0,7.55,9.43,5.66,1.89,9.43,11.32,7.55,1.89,0,16.98,11.32,1.89,1.89,1.89,0,0,9.43,1.89,7.55,1.89,0,0,0,5.66,0,0,9.43,9.43,0,5.66,5.66,0,0,0,0,0,3.77,1.89,0,0,0,0,0,1.89,1.89,0,1.89,0,0,0,0,0,3.77,1.89,0,1.89,0,0,0,0,0,0,0,0,0,0,0,0,0,1.89,0,0,0,0,0,0,11.32,3.77,0,3.77,0,0,0,0,3.77,16.98,0,0,3.77,0,0,3.77,0,0,0,0,0,0,0,0,0
1,46,66.69,40.06,44.75,53.96,46,17.39,86.96,71.74,54.35,13.04,10.87,6.52,0,0,0,4.35,2.17,13.04,8.7,0,13.04,10.87,0,8.7,0,19.57,4.35,2.17,0,0,0,0,6.52,2.17,4.35,0,0,2.17,2.17,0,0,0,2.17,2.17,0,0,0,0,0,0,0,0,6.52,0,0,0,0,0,0,6.52,0,0,0,0,0,0,0,0,4.35,0,4.35,0,0,0,6.52,0,0,0,0,0,0,2.17,0,0,0,2.17,0,0,0,0,0,0,8.7,17.39,0,2.17,6.52,2.17,6.52,0,4.35,13.04,2.17,0,4.35,0,2.17,2.17,0,2.17,0,0,0,0,2.17,0,0
1,126,6.54,4.61,88.03,20.23,126,4.76,85.71,75.4,61.9,28.57,19.05,15.08,0,0.79,3.17,0,9.52,15.08,2.38,0.79,9.52,11.11,5.56,2.38,0.79,23.81,2.38,3.97,2.38,0,0.79,1.59,7.94,1.59,6.35,2.38,0.79,0.79,0,0,1.59,0.79,1.59,0.79,0.79,0,0,0,0,0,0,0,8.73,0.79,0,0,0,0,0.79,7.14,3.17,0,0,3.97,0,0,0,0,0.79,0,0,0.79,0,0,0.79,0,0,0,0,0,0,0.79,0,0,0.79,1.59,0,0,0,0,0,0,10.32,7.14,0.79,0,4.76,2.38,0,0,4.76,4.76,3.97,3.97,0.79,0,0.79,0,0,7.94,0,0,0,0,7.94,0,0
1,54,12.89,8.59,39.59,77.5,54,5.56,85.19,77.78,64.81,25.93,14.81,11.11,0,1.85,1.85,0,11.11,11.11,3.7,1.85,14.81,11.11,5.56,7.41,0,24.07,0,1.85,1.85,0,1.85,0,9.26,0,9.26,1.85,1.85,3.7,0,0,1.85,0,3.7,3.7,0,3.7,3.7,0,0,0,0,0,9.26,5.56,0,0,0,0,5.56,3.7,0,0,1.85,0,0,0,0,0,0,0,0,0,0,0,0,0,0,0,0,0,0,0,0,0,0,1.85,0,0,0,0,0,0,9.26,3.7,0,0,3.7,0,0,0,3.7,7.41,1.85,1.85,1.85,0,0,1.85,0,3.7,0,0,0,0,3.7,0,0
1,57,15.72,30.3,22.93,5.65,57,10.53,94.74,73.68,64.91,21.05,17.54,10.53,1.75,0,1.75,3.51,3.51,10.53,7.02,5.26,10.53,12.28,3.51,10.53,0,19.3,0,0,3.51,1.75,1.75,0,7.02,1.75,5.26,0,0,1.75,3.51,0,1.75,0,1.75,0,1.75,1.75,0,1.75,0,0,0,0,10.53,1.75,0,0,0,0,1.75,8.77,0,0,0,3.51,0,0,0,0,5.26,0,0,5.26,0,0,3.51,1.75,1.75,0,0,0,0,0,0,0,0,0,0,0,1.75,0,0,0,8.77,8.77,0,0,5.26,1.75,1.75,0,0,10.53,0,0,1.75,0,1.75,0,0,8.77,0,1.75,0,0,3.51,3.51,0
1,160,67.36,65.83,58.99,28.59,160,21.25,89.38,76.25,57.5,15.63,10,5,2.5,0.63,1.88,0,5.63,16.88,8.75,0.63,14.38,5.63,6.25,5.63,0.63,12.5,3.75,4.38,5.63,3.75,0,1.88,14.38,3.13,11.25,5,1.88,0.63,1.88,0,2.5,0,0.63,0.63,0,0,0,0,0,0,0,0,12.5,3.13,0.63,0,0,0.63,0.63,9.38,0,0,0,1.88,0.63,0.63,0,0,6.25,0,1.88,4.38,0,0,0,0,0,0,0,0,0,0,0,0,0,1.25,0,0,0,0,0,0,3.13,5.63,0,0.63,5.63,0,0,0,3.13,5.63,1.25,0,9.38,0,0,9.38,0,3.13,0,0,0,0,3.13,0,0
1,55,56.07,21.2,25.81,5.35,55,16.36,85.45,70.91,58.18,12.73,5.45,3.64,0,0,0,1.82,7.27,25.45,16.36,1.82,5.45,7.27,3.64,10.91,1.82,12.73,3.64,1.82,1.82,0,1.82,0,3.64,0,3.64,1.82,0,0,0,0,1.82,1.82,1.82,0,1.82,0,0,0,0,0,0,0,5.45,1.82,0,0,0,0,1.82,3.64,0,0,0,1.82,0,0,0,0,1.82,1.82,0,0,0,0,7.27,0,0,0,0,0,0,0,0,0,0,1.82,0,0,0,0,0,0,5.45,7.27,0,1.82,3.64,1.82,0,0,1.82,9.09,1.82,0,3.64,1.82,0,3.64,0,5.45,0,0,0,0,1.82,3.64,0
1,83,19.91,9.01,74.14,8.85,83,9.64,87.95,81.93,65.06,25.3,12.05,8.43,2.41,1.2,0,0,13.25,13.25,1.2,0,18.07,9.64,1.2,8.43,2.41,31.33,2.41,0,4.82,3.61,1.2,0,16.87,1.2,15.66,1.2,2.41,3.61,4.82,0,4.82,0,2.41,0,1.2,1.2,0,1.2,0,0,0,1.2,8.43,1.2,0,0,0,0,0,6.02,0,0,0,0,0,0,0,0,1.2,0,0,0,0,1.2,0,0,0,0,0,0,0,0,0,4.82,2.41,0,0,0,0,0,0,0,9.64,10.84,2.41,3.61,7.23,0,0,0,0,2.41,2.41,10.84,3.61,3.61,0,0,0,4.82,0,0,0,0,4.82,0,0
1,46,94.33,85.5,74.45,,46,8.7,86.96,69.57,52.17,8.7,6.52,2.17,2.17,0,0,2.17,2.17,15.22,8.7,4.35,17.39,2.17,4.35,6.52,0,15.22,0,4.35,4.35,4.35,0,0,2.17,2.17,0,0,0,0,0,0,0,0,2.17,0,0,0,0,0,0,0,0,2.17,13.04,2.17,0,0,0,0,2.17,10.87,2.17,0,0,6.52,4.35,0,4.35,0,4.35,2.17,2.17,0,0,0,2.17,0,0,0,0,0,0,0,0,0,0,4.35,0,0,0,0,0,0,13.04,21.74,0,2.17,17.39,2.17,0,0,0,6.52,0,0,2.17,0,2.17,0,0,2.17,0,0,0,0,2.17,0,0
1,88,14.21,46.79,27.18,36.46,88,14.77,92.05,78.41,64.77,22.73,15.91,7.95,1.14,0,6.82,0,6.82,17.05,4.55,2.27,12.5,9.09,7.95,7.95,0,14.77,3.41,4.55,3.41,1.14,0,2.27,7.95,0,7.95,2.27,1.14,1.14,0,0,2.27,0,1.14,1.14,0,0,0,0,0,0,0,0,13.64,3.41,0,0,0,0,3.41,10.23,0,0,6.82,0,1.14,0,0,1.14,1.14,0,1.14,0,0,0,3.41,0,0,0,0,0,0,0,0,0,0,0,0,0,0,0,0,0,1.14,7.95,0,2.27,2.27,2.27,0,1.14,5.68,12.5,0,0,5.68,0,0,5.68,0,1.14,0,0,0,0,1.14,0,0
1,62,74.04,76.43,97.57,,62,30.65,82.26,67.74,53.23,6.45,1.61,1.61,0,0,0,0,4.84,16.13,6.45,1.61,14.52,8.06,9.68,4.84,0,16.13,8.06,4.84,9.68,0,0,9.68,1.61,0,1.61,0,0,0,0,0,1.61,0,0,0,0,0,0,0,0,0,0,0,11.29,1.61,0,1.61,0,0,0,9.68,0,0,0,0,0,0,0,0,0,0,0,0,0,0,0,0,0,0,0,0,0,0,0,0,0,0,0,0,0,0,0,0,1.61,17.74,0,3.23,14.52,0,0,0,8.06,16.13,0,3.23,1.61,0,0,1.61,0,0,0,0,0,0,0,0,0
1,63,37.85,49.5,97.09,,63,15.87,96.83,82.54,61.9,19.05,15.87,9.52,0,0,3.17,3.17,3.17,19.05,7.94,1.59,12.7,4.76,7.94,9.52,0,17.46,3.17,3.17,1.59,1.59,0,0,17.46,4.76,12.7,4.76,3.17,1.59,0,1.59,1.59,4.76,0,0,0,0,0,0,0,0,0,0,14.29,3.17,0,1.59,0,0,1.59,12.7,0,0,4.76,0,0,0,0,0,6.35,0,3.17,3.17,0,0,3.17,1.59,0,0,0,1.59,0,1.59,0,0,0,0,0,0,0,0,0,0,4.76,14.29,0,4.76,9.52,1.59,0,0,3.17,11.11,0,1.59,6.35,0,0,6.35,0,3.17,0,0,0,0,3.17,0,0
1,111,19.45,89.25,62.13,,111,12.61,96.4,83.78,69.37,18.92,11.71,1.8,1.8,0.9,0,7.21,7.21,14.41,6.31,3.6,12.61,7.21,6.31,13.51,0.9,21.62,2.7,5.41,1.8,1.8,0,0,10.81,0,10.81,0.9,0.9,0,8.11,0.9,2.7,0,0,0,0,0,0,0,0,0,0,0,18.02,5.41,0,0,0,0,5.41,12.61,0,0,1.8,0,0,0,0,0,2.7,0,2.7,0,0,0,0,0,0,0,0,0,0,0,0,0,0,1.8,0,0,0,0,0,3.6,5.41,7.21,3.6,1.8,2.7,3.6,0,0,9.91,9.01,1.8,1.8,1.8,0,0,1.8,0,0.9,0,0,0,0,0.9,0,0
1,51,89.52,88.96,83.69,,51,13.73,90.2,74.51,54.9,9.8,7.84,1.96,3.92,1.96,0,0,1.96,17.65,13.73,1.96,13.73,5.88,5.88,5.88,0,15.69,0,3.92,5.88,3.92,0,1.96,3.92,0,3.92,0,0,0,0,1.96,1.96,0,0,0,0,0,0,0,0,0,0,0,7.84,0,0,0,0,0,0,7.84,0,0,0,0,0,0,0,0,15.69,0,11.76,3.92,0,0,0,0,0,0,0,0,0,0,0,0,0,3.92,0,0,0,0,0,0,3.92,19.61,1.96,3.92,13.73,0,0,0,1.96,9.8,0,0,7.84,0,0,7.84,0,1.96,0,0,0,0,1.96,0,0
1,64,57.51,91.85,1,,64,6.25,70.31,51.56,42.19,12.5,10.94,0,0,0,10.94,0,1.56,6.25,1.56,0,14.06,4.69,4.69,6.25,1.56,14.06,0,0,3.13,1.56,0,1.56,6.25,0,6.25,1.56,3.13,0,0,0,1.56,0,0,0,0,0,0,0,0,0,0,0,21.88,7.81,0,0,0,0,7.81,14.06,3.13,0,0,10.94,0,0,0,0,9.38,0,1.56,7.81,0,0,0,0,0,0,0,0,0,0,0,0,0,1.56,0,0,0,0,0,0,4.69,4.69,0,1.56,3.13,0,0,0,3.13,10.94,0,0,0,0,0,0,0,6.25,0,0,0,0,6.25,0,0
1,76,29.44,14.81,93.14,,76,11.84,89.47,82.89,68.42,22.37,18.42,11.84,0,0,5.26,1.32,3.95,14.47,5.26,1.32,17.11,9.21,6.58,7.89,0,22.37,1.32,2.63,0,0,0,0,7.89,1.32,6.58,2.63,0,1.32,3.95,0,0,1.32,0,0,0,0,0,0,0,0,0,0,6.58,0,0,0,0,0,0,6.58,0,0,0,5.26,0,0,0,0,0,0,0,0,0,0,2.63,0,0,0,0,0,0,0,0,0,0,0,0,0,0,0,0,0,5.26,21.05,0,7.89,9.21,5.26,0,0,1.32,5.26,7.89,1.32,0,0,0,0,0,3.95,0,0,0,0,3.95,0,0
1,36,89.52,72.07,89.39,,36,11.11,94.44,86.11,58.33,13.89,11.11,2.78,2.78,0,0,5.56,2.78,16.67,5.56,2.78,19.44,2.78,2.78,5.56,0,16.67,5.56,8.33,2.78,2.78,0,0,5.56,2.78,2.78,2.78,0,0,0,0,0,2.78,2.78,0,0,0,0,0,0,0,0,2.78,11.11,2.78,0,0,0,0,2.78,8.33,0,0,0,0,0,0,0,0,2.78,0,2.78,0,0,0,2.78,0,0,0,0,0,0,0,0,0,0,2.78,0,0,0,0,0,0,5.56,13.89,0,5.56,11.11,0,0,0,2.78,2.78,2.78,0,11.11,2.78,0,8.33,0,0,0,0,0,0,0,0,0
1,99,36.2,1.92,86.68,10.27,99,16.16,83.84,68.69,47.47,19.19,14.14,13.13,1.01,0,0,0,5.05,13.13,4.04,0,11.11,6.06,4.04,7.07,0,15.15,3.03,1.01,1.01,1.01,0,0,5.05,0,5.05,1.01,2.02,0,0,0,1.01,0,3.03,1.01,2.02,2.02,1.01,1.01,0,1.01,0,0,2.02,1.01,0,0,1.01,0,0,1.01,0,0,0,0,0,0,0,0,3.03,0,0,3.03,0,0,5.05,0,0,0,0,0,0,0,0,0,0,1.01,0,0,0,0,1.01,0,4.04,11.11,3.03,3.03,1.01,2.02,0,2.02,5.05,10.1,0,0,8.08,0,0,8.08,0,0,0,0,0,0,0,0,0
1,37,35.05,3.01,99,62.77,37,13.51,81.08,81.08,54.05,21.62,16.22,13.51,0,0,2.7,0,5.41,13.51,8.11,0,10.81,0,5.41,13.51,0,18.92,0,0,0,0,0,0,5.41,0,5.41,5.41,0,0,0,0,0,5.41,2.7,2.7,0,0,0,0,0,0,0,0,2.7,0,0,0,0,0,0,2.7,0,0,0,2.7,0,0,0,0,0,0,0,0,0,0,0,0,0,0,0,0,0,0,0,0,0,2.7,0,0,0,0,0,0,2.7,16.22,0,5.41,10.81,0,5.41,0,5.41,13.51,0,0,8.11,0,0,8.11,0,2.7,0,0,0,0,2.7,0,0
1,66,87.3,91.07,86.68,20.23,66,16.67,89.39,71.21,54.55,9.09,7.58,0,6.06,1.52,0,0,1.52,13.64,4.55,1.52,19.7,1.52,1.52,13.64,0,9.09,4.55,4.55,6.06,6.06,0,0,9.09,0,9.09,3.03,0,0,4.55,0,4.55,0,6.06,3.03,3.03,0,0,0,0,0,0,0,7.58,0,0,0,0,0,0,7.58,0,0,0,0,0,0,0,0,0,0,0,0,0,0,1.52,0,0,0,0,0,0,0,0,0,0,0,0,0,0,0,0,6.06,7.58,15.15,6.06,4.55,4.55,6.06,0,0,7.58,4.55,0,0,7.58,0,0,7.58,0,0,0,0,0,0,0,0,0
1,64,74.65,87.7,32.54,,64,20.31,82.81,70.31,62.5,12.5,9.38,0,6.25,0,0,3.13,3.13,15.63,10.94,3.13,14.06,12.5,3.13,4.69,0,21.88,1.56,4.69,7.81,6.25,1.56,0,17.19,1.56,15.63,4.69,3.13,3.13,1.56,0,6.25,0,0,0,0,0,0,0,0,0,0,0,10.94,1.56,0,0,0,0,1.56,9.38,0,0,0,0,0,0,0,0,0,0,0,0,0,0,3.13,0,0,0,0,0,3.13,0,0,4.69,0,3.13,0,0,0,0,0,0,3.13,6.25,0,0,6.25,0,0,0,1.56,6.25,6.25,3.13,0,0,0,0,0,0,0,0,0,0,0,0,0
1,74,82.85,32.46,9.25,,74,12.16,89.19,70.27,59.46,5.41,5.41,4.05,0,0,0,1.35,0,17.57,5.41,9.46,17.57,8.11,2.7,9.46,1.35,10.81,10.81,10.81,5.41,5.41,0,0,8.11,1.35,6.76,1.35,1.35,0,1.35,1.35,0,0,0,0,0,0,0,0,0,0,0,0,6.76,2.7,0,2.7,0,0,0,4.05,1.35,1.35,1.35,0,0,0,0,0,6.76,1.35,0,5.41,0,0,0,0,0,0,0,0,0,0,0,0,0,0,0,0,0,0,0,0,8.11,4.05,0,0,4.05,0,0,0,1.35,8.11,0,0,6.76,0,0,6.76,0,0,0,0,0,0,0,0,0
1,87,4.41,46.86,3.41,98.26,87,5.75,94.25,79.31,63.22,31.03,28.74,14.94,0,1.15,11.49,1.15,2.3,9.2,3.45,0,9.2,9.2,6.9,4.6,0,21.84,0,1.15,1.15,0,0,1.15,14.94,4.6,10.34,2.3,2.3,6.9,0,0,0,0,9.2,8.05,1.15,8.05,6.9,1.15,0,0,0,0,26.44,11.49,1.15,0,0,0,5.75,14.94,1.15,0,0,11.49,0,0,0,0,1.15,0,1.15,0,0,0,5.75,1.15,1.15,0,0,0,0,0,0,0,1.15,0,0,0,0,0,0,0,6.9,6.9,0,2.3,3.45,0,0,1.15,3.45,9.2,0,0,4.6,0,0,4.6,0,3.45,0,0,0,0,1.15,2.3,0
1,58,1.67,22.04,43.66,20.23,58,12.07,96.55,84.48,68.97,27.59,8.62,5.17,1.72,0,0,1.72,18.97,12.07,0,1.72,13.79,12.07,12.07,5.17,1.72,20.69,0,5.17,3.45,1.72,0,1.72,17.24,0,17.24,1.72,0,3.45,10.34,3.45,3.45,0,3.45,1.72,1.72,1.72,1.72,0,0,0,0,0,10.34,5.17,0,0,0,0,1.72,5.17,0,0,0,0,0,0,0,0,1.72,0,0,1.72,0,0,0,0,0,0,0,0,0,0,0,1.72,0,1.72,0,1.72,0,0,0,0,6.9,6.9,0,1.72,5.17,0,0,0,3.45,3.45,3.45,3.45,8.62,0,0,8.62,0,3.45,0,0,0,0,3.45,0,0
1,62,28.14,97.31,1,99,15.5,8.06,88.71,72.58,56.45,16.13,9.68,0,0,0,9.68,0,6.45,14.52,4.84,0,11.29,8.06,8.06,8.06,0,14.52,4.84,0,4.84,0,3.23,1.61,4.84,0,4.84,3.23,0,1.61,0,0,0,0,9.68,9.68,0,3.23,3.23,0,0,0,0,0,14.52,0,0,0,0,0,0,14.52,4.84,0,12.9,1.61,0,0,0,0,1.61,0,0,0,1.61,0,4.84,4.84,0,4.84,0,0,0,0,0,1.61,0,1.61,0,0,0,0,3.23,0,4.84,8.06,0,0,4.84,0,0,3.23,1.61,9.68,1.61,0,1.61,0,0,1.61,0,6.45,4.84,0,0,0,1.61,0,0
1,97,6.95,79.81,53.17,10.11,97,11.34,97.94,86.6,65.98,21.65,16.49,6.19,0,4.12,6.19,0,5.15,10.31,5.15,0,12.37,11.34,9.28,9.28,2.06,34.02,1.03,0,2.06,1.03,0,1.03,10.31,2.06,8.25,0,1.03,1.03,3.09,0,2.06,0,1.03,0,1.03,0,0,0,0,0,0,0,20.62,6.19,0,0,1.03,0,5.15,13.4,1.03,0,0,7.22,0,0,0,0,0,0,0,0,0,0,3.09,1.03,0,0,0,2.06,0,0,1.03,0,0,0,0,0,0,0,0,0,11.34,15.46,2.06,5.15,10.31,0,0,0,2.06,10.31,5.15,10.31,2.06,0,2.06,0,0,15.46,0,0,1.03,0,0,14.43,0
1,103,33.09,57.43,59.3,33.82,103,13.59,96.12,85.44,65.05,18.45,11.65,3.88,0.97,0,0,6.8,6.8,13.59,4.85,1.94,15.53,9.71,4.85,7.77,1.94,20.39,5.83,7.77,2.91,0.97,0.97,0.97,14.56,1.94,12.62,3.88,2.91,0.97,5.83,1.94,1.94,0,0.97,0.97,0,0.97,0.97,0,0,0,0,0,13.59,3.88,0,0,0,0,3.88,9.71,0,0,0.97,0.97,0,0,0,0,0,0,0,0,0,0,0.97,0,0,0,0,0,0,0.97,0,0,0,2.91,0,0,0,0,0,0.97,0.97,10.68,0,0.97,7.77,0.97,0,0.97,1.94,14.56,0,0,7.77,0,0,7.77,0,0,0,0,0,0,0,0,0
1,58,68.11,1,99,,58,17.24,86.21,75.86,53.45,15.52,10.34,10.34,0,0,0,0,5.17,13.79,6.9,0,12.07,5.17,1.72,5.17,1.72,18.97,3.45,6.9,0,0,0,0,12.07,0,12.07,5.17,0,0,3.45,1.72,3.45,0,0,0,0,0,0,0,0,0,0,0,0,0,0,0,0,0,0,0,0,0,0,0,1.72,0,0,1.72,0,0,0,0,0,0,0,0,0,0,0,0,0,0,0,0,0,0,0,0,0,0,0,3.45,3.45,18.97,8.62,0,6.9,6.9,0,0,6.9,13.79,0,0,6.9,1.72,0,6.9,0,1.72,0,0,0,0,1.72,0,0
1,69,10.19,24.56,92.58,7.29,69,13.04,92.75,82.61,69.57,20.29,13.04,8.7,0,0,4.35,0,7.25,11.59,4.35,0,13.04,7.25,5.8,17.39,0,18.84,0,5.8,0,0,0,0,8.7,0,8.7,5.8,1.45,0,1.45,0,0,0,1.45,0,1.45,1.45,0,1.45,0,0,0,0,5.8,0,0,0,0,0,0,5.8,0,0,0,4.35,0,0,0,0,0,0,0,0,0,0,5.8,1.45,1.45,0,0,0,0,0,0,0,0,1.45,0,0,0,0,1.45,0,0,15.94,0,4.35,5.8,1.45,2.9,1.45,5.8,14.49,0,0,0,0,0,0,0,1.45,0,0,0,0,1.45,0,0
1,80,20.35,15.75,99,,80,17.5,93.75,82.5,63.75,23.75,11.25,8.75,1.25,0,0,1.25,12.5,7.5,2.5,1.25,17.5,6.25,10,6.25,1.25,21.25,1.25,0,1.25,1.25,0,0,15,1.25,13.75,5,0,0,3.75,0,1.25,0,0,0,0,0,0,0,0,0,0,0,6.25,1.25,0,0,0,0,1.25,5,0,0,0,0,0,0,0,0,1.25,0,0,1.25,1.25,0,0,0,0,0,0,0,0,0,0,0,0,0,0,0,0,0,0,0,7.5,11.25,0,1.25,8.75,1.25,1.25,0,7.5,10,2.5,0,5,1.25,0,3.75,0,2.5,0,0,0,0,2.5,0,0
1,65,2.93,7.93,63.35,20.23,65,10.77,90.77,75.38,67.69,27.69,12.31,9.23,1.54,1.54,0,0,15.38,21.54,4.62,0,10.77,10.77,9.23,4.62,4.62,13.85,3.08,3.08,3.08,3.08,0,0,15.38,3.08,12.31,3.08,0,1.54,9.23,3.08,1.54,0,3.08,1.54,1.54,0,0,0,0,0,0,0,7.69,3.08,0,0,1.54,1.54,0,4.62,1.54,0,1.54,0,0,0,0,0,1.54,1.54,0,0,0,0,3.08,3.08,0,0,1.54,0,0,0,0,0,0,0,0,1.54,0,0,0,0,9.23,9.23,0,0,6.15,1.54,0,1.54,1.54,3.08,1.54,0,3.08,0,0,3.08,0,4.62,0,0,0,0,4.62,0,0
1,73,3.16,94.56,37.99,7.77,73,9.59,97.26,84.93,63.01,16.44,13.7,4.11,4.11,1.37,4.11,0,2.74,4.11,1.37,2.74,12.33,12.33,15.07,10.96,0,24.66,4.11,4.11,9.59,6.85,1.37,1.37,13.7,0,13.7,4.11,0,5.48,2.74,1.37,2.74,0,1.37,0,1.37,1.37,0,1.37,0,1.37,0,0,15.07,2.74,0,0,1.37,0,0,13.7,4.11,0,1.37,2.74,0,0,0,0,5.48,0,0,4.11,1.37,0,1.37,0,0,0,0,0,0,1.37,0,0,4.11,0,0,0,0,0,0,0,8.22,4.11,0,4.11,4.11,0,0,0,6.85,13.7,0,2.74,2.74,0,0,2.74,0,2.74,0,0,0,0,2.74,0,0
1,46,11.2,99,74.45,,46,13.04,97.83,89.13,63.04,23.91,19.57,4.35,15.22,0,0,0,4.35,8.7,2.17,4.35,10.87,8.7,2.17,10.87,0,17.39,6.52,8.7,19.57,17.39,0,2.17,8.7,2.17,6.52,2.17,0,2.17,2.17,0,2.17,0,0,0,0,0,0,0,0,0,0,0,19.57,4.35,0,0,0,0,4.35,15.22,0,0,0,0,0,0,0,0,0,0,0,0,0,0,2.17,0,0,0,0,0,0,0,0,0,0,0,0,0,0,0,0,0,13.04,10.87,0,2.17,8.7,0,0,0,4.35,6.52,4.35,0,8.7,0,2.17,6.52,0,0,0,0,0,0,0,0,0
1,87,31.31,22.04,99,56.07,87,10.34,88.51,74.71,55.17,18.39,17.24,14.94,1.15,0,0,1.15,1.15,12.64,2.3,5.75,13.79,8.05,4.6,8.05,0,13.79,9.2,9.2,8.05,8.05,0,0,5.75,1.15,4.6,0,0,0,2.3,0,1.15,0,2.3,2.3,0,0,0,0,0,0,0,0,11.49,0,0,0,0,0,0,11.49,9.2,0,4.6,3.45,0,0,0,0,1.15,0,0,1.15,0,0,4.6,0,0,0,0,0,0,1.15,0,0,0,0,0,0,0,0,0,0,3.45,11.49,0,0,11.49,0,0,0,11.49,12.64,0,0,3.45,0,0,3.45,0,0,0,0,0,0,0,0,0
1,57,1,9.55,99,,57,8.77,100,92.98,68.42,19.3,19.3,14.04,0,0,5.26,0,0,12.28,3.51,1.75,8.77,10.53,14.04,19.3,0,15.79,8.77,12.28,0,0,0,0,5.26,1.75,3.51,0,0,0,0,1.75,1.75,0,0,0,0,0,0,0,0,0,0,0,8.77,0,0,0,0,0,0,8.77,1.75,0,3.51,3.51,0,0,0,0,7.02,0,0,5.26,1.75,0,1.75,0,0,0,0,0,0,0,0,0,0,0,0,0,0,0,0,0,3.51,7.02,0,1.75,5.26,0,0,0,14.04,12.28,3.51,0,7.02,0,0,7.02,0,0,0,0,0,0,0,0,0
1,44,1,78.1,1,3.56,44,0,88.64,81.82,72.73,36.36,22.73,6.82,0,0,15.91,0,13.64,20.45,4.55,0,6.82,18.18,0,6.82,0,27.27,2.27,0,4.55,2.27,0,2.27,2.27,0,2.27,0,0,0,2.27,0,2.27,0,6.82,2.27,4.55,0,0,0,0,0,0,0,22.73,6.82,2.27,0,2.27,0,2.27,15.91,0,0,2.27,13.64,0,0,0,0,0,0,0,0,0,0,2.27,0,0,0,0,0,0,0,2.27,0,0,2.27,0,0,0,0,0,0,4.55,2.27,0,0,2.27,0,0,0,2.27,20.45,0,2.27,2.27,2.27,0,0,0,2.27,0,0,0,0,2.27,0,0
1,118,25.06,15.45,98.15,45.75,118,8.47,92.37,75.42,65.25,16.1,13.56,9.32,0.85,0,3.39,0,2.54,15.25,7.63,1.69,12.71,9.32,9.32,10.17,0.85,19.49,1.69,4.24,5.08,2.54,0.85,1.69,3.39,0,3.39,0.85,0,0,0.85,0.85,0.85,0,1.69,1.69,0,0,0,0,0,0,0,0,13.56,7.63,0,0,0,0,0.85,5.08,0,0,0,3.39,0,0,0,0,7.63,6.78,0,0.85,0,0,1.69,0,0,0,0,0,0,0.85,0,0,0,1.69,0,0,0,0,0,0,5.93,18.64,0,8.47,11.02,0,0,0,2.54,9.32,1.69,1.69,0.85,0.85,0,0.85,0,1.69,0,0,0,0,1.69,0,0
1,16,1,1,99,,16,6.25,100,81.25,81.25,18.75,18.75,18.75,0,0,0,0,0,18.75,0,0,0,18.75,6.25,0,37.5,18.75,0,0,18.75,0,0,18.75,43.75,18.75,25,0,0,0,0,6.25,18.75,0,0,0,0,0,0,0,0,0,0,0,18.75,18.75,0,18.75,0,0,0,18.75,0,0,0,18.75,0,0,0,0,0,0,0,0,0,0,0,0,0,0,0,0,0,0,0,0,0,0,0,0,0,0,0,0,18.75,0,0,0,0,0,0,0,0,18.75,0,0,6.25,0,6.25,0,0,0,0,0,0,0,0,0,0
1,8,1,1,99,,8,0,100,87.5,87.5,12.5,12.5,12.5,0,0,0,0,0,25,0,0,12.5,12.5,0,0,37.5,12.5,0,12.5,12.5,0,0,12.5,50,25,25,0,0,0,0,0,25,0,0,0,0,0,0,0,0,0,0,0,12.5,12.5,0,12.5,0,0,0,12.5,0,0,0,12.5,0,0,0,0,0,0,0,0,0,0,0,0,0,0,0,0,0,0,0,0,0,0,0,0,0,0,0,0,12.5,0,0,0,0,0,0,0,0,12.5,0,0,0,0,0,0,0,0,0,0,0,0,0,0,0
1,213,23.04,72.47,58.11,7.54,213,10.33,92.96,79.81,63.85,20.66,16.43,5.63,0,0.47,9.86,0.47,4.23,14.55,7.51,0,11.74,6.57,6.1,12.21,0,20.19,1.88,2.35,0.94,0,0.47,0,4.23,0.47,3.76,0.47,0,0.47,1.88,0,0.94,0,1.41,0,1.41,0,0,0,0,0,0,0,14.55,2.82,0,0,0.47,0,2.35,11.74,0.47,0,6.1,4.69,0,0,0,0,4.23,0,4.23,0,0,0,0.47,0,0,0,0,0,0,0,0,0,0,0.94,0,0,0,0,0,0,6.1,19.72,0,7.51,12.68,0.94,0.47,0.47,2.35,15.49,0.47,0.47,0.47,0.47,0,0.47,0,1.41,0,0,0,0,1.41,0,0
1,59,7.46,40.06,99,,59,11.86,88.14,83.05,67.8,20.34,18.64,8.47,3.39,0,5.08,1.69,1.69,18.64,10.17,0,8.47,10.17,13.56,6.78,3.39,22.03,3.39,3.39,3.39,3.39,0,0,11.86,6.78,5.08,1.69,0,0,0,1.69,1.69,0,0,0,0,0,0,0,0,0,0,0,10.17,0,0,0,0,0,0,10.17,0,0,5.08,0,0,0,0,0,0,0,0,0,0,0,0,0,0,0,0,0,0,0,0,0,0,1.69,0,0,0,0,0,0,8.47,16.95,0,3.39,10.17,5.08,0,0,15.25,20.34,0,0,0,0,0,0,0,3.39,0,0,0,0,3.39,0,0
1,170,2.31,73.71,1.39,13.87,170,6.47,92.94,84.71,68.82,31.76,22.35,9.41,0,1.76,11.18,0,9.41,10,4.12,0,9.41,10,3.53,10,1.18,24.12,2.35,0.59,1.76,0.59,0.59,0.59,7.06,1.18,5.88,1.18,0.59,1.18,1.18,0.59,1.18,0.59,2.94,1.18,1.76,1.76,0.59,1.18,1.18,0,0,0,23.53,7.65,0.59,0,0,0,7.06,15.88,0,0,1.76,11.76,2.35,0,2.35,0,0.59,0,0.59,0,0,0,2.35,0.59,0,0,0,0.59,0,0,1.76,0,0,1.18,0,0,0,0,0,0,7.65,4.71,0,0.59,3.53,1.18,0,0,2.35,14.71,1.18,2.94,1.18,1.18,0,0,0,0.59,0,0,0,0,0.59,0,0
1,58,1,3.55,56.1,20.23,58,3.45,94.83,86.21,68.97,27.59,24.14,15.52,0,0,8.62,0,3.45,6.9,0,0,12.07,15.52,6.9,10.34,0,25.86,6.9,1.72,1.72,0,1.72,0,12.07,0,12.07,1.72,1.72,3.45,3.45,0,3.45,0,6.9,3.45,3.45,0,0,0,0,0,0,0,8.62,0,0,0,0,0,0,8.62,0,0,0,8.62,0,0,0,0,0,0,0,0,0,0,6.9,3.45,0,0,0,0,0,0,0,0,3.45,1.72,0,0,0,0,0,0,8.62,5.17,0,1.72,3.45,0,0,0,5.17,15.52,0,1.72,0,0,0,0,0,3.45,0,0,0,0,3.45,0,0
1,74,42.89,25.5,55.76,39.97,74,12.16,94.59,74.32,67.57,18.92,8.11,5.41,1.35,0,1.35,0,10.81,13.51,8.11,0,17.57,10.81,8.11,6.76,0,14.86,1.35,2.7,5.41,2.7,2.7,0,10.81,5.41,5.41,0,0,1.35,0,0,4.05,0,1.35,1.35,0,0,0,0,0,0,0,0,8.11,1.35,0,0,0,0,1.35,5.41,1.35,0,0,2.7,0,0,0,0,5.41,2.7,0,2.7,0,0,1.35,0,0,0,0,0,0,0,0,5.41,0,0,0,2.7,0,0,0,0,4.05,6.76,0,1.35,5.41,0,0,0,5.41,13.51,0,0,1.35,0,0,1.35,0,1.35,0,0,0,0,1.35,0,0
1,64,1,1,89.39,,64,9.38,89.06,76.56,65.63,26.56,15.63,12.5,0,0,3.13,0,10.94,4.69,0,0,9.38,14.06,14.06,3.13,3.13,20.31,6.25,0,6.25,0,6.25,0,14.06,0,14.06,4.69,0,0,6.25,0,3.13,0,0,0,0,0,0,0,0,0,0,0,6.25,3.13,0,0,0,0,3.13,3.13,0,0,0,3.13,0,0,0,0,6.25,0,0,6.25,0,0,0,0,0,0,0,0,0,0,0,3.13,0,0,0,0,0,0,0,0,15.63,6.25,0,1.56,4.69,0,0,0,1.56,10.94,1.56,1.56,1.56,0,0,1.56,0,7.81,0,0,0,0,7.81,0,0
1,19,2.68,14.81,70.28,,19,10.53,89.47,84.21,73.68,15.79,5.26,5.26,0,0,0,0,10.53,26.32,0,21.05,5.26,21.05,10.53,0,0,26.32,5.26,21.05,0,0,0,0,21.05,0,21.05,5.26,0,0,15.79,0,0,0,0,0,0,0,0,0,0,0,0,0,0,0,0,0,0,0,0,0,0,0,0,0,0,0,0,0,0,0,0,0,0,0,0,0,0,0,0,0,0,0,0,0,0,0,0,0,0,0,0,0,10.53,5.26,0,0,5.26,0,0,0,5.26,5.26,0,5.26,0,0,0,0,0,5.26,0,0,0,0,5.26,0,0
1,44,4.73,2.53,99,,44,18.18,90.91,84.09,63.64,22.73,11.36,6.82,2.27,2.27,0,0,11.36,20.45,4.55,0,9.09,4.55,11.36,9.09,4.55,18.18,4.55,2.27,2.27,2.27,0,0,18.18,4.55,13.64,4.55,0,0,2.27,0,9.09,2.27,0,0,0,0,0,0,0,0,0,0,9.09,4.55,0,0,0,0,2.27,4.55,0,0,0,0,0,0,0,0,4.55,0,4.55,0,0,0,0,0,0,0,0,0,0,0,0,0,0,2.27,0,0,0,0,0,0,6.82,11.36,0,0,11.36,0,0,0,6.82,9.09,0,0,4.55,2.27,0,4.55,0,4.55,0,0,0,0,4.55,0,0
1,32,52.84,11.66,99,,32,6.25,93.75,75,62.5,15.63,9.38,6.25,3.13,0,0,0,6.25,15.63,12.5,0,15.63,9.38,3.13,12.5,3.13,18.75,0,0,9.38,9.38,0,0,6.25,0,6.25,3.13,0,0,0,0,3.13,0,0,0,0,0,0,0,0,0,0,0,9.38,6.25,0,0,0,0,0,3.13,0,0,0,0,0,0,0,0,12.5,12.5,0,0,0,0,3.13,0,0,0,0,0,0,3.13,0,0,0,3.13,0,0,0,0,0,0,9.38,15.63,0,9.38,9.38,0,0,0,3.13,9.38,0,0,3.13,3.13,0,3.13,0,3.13,0,0,0,0,3.13,0,0
1,121,55.07,1,98.76,45.06,121,9.09,92.56,81.82,62.81,19.01,11.57,10.74,0,0,0,0.83,7.44,15.7,5.79,1.65,18.18,4.13,6.61,6.61,2.48,19.01,5.79,6.61,1.65,0.83,0,0.83,8.26,2.48,5.79,1.65,0,1.65,0.83,0,2.48,0,1.65,1.65,0,0.83,0.83,0,0,0,0,0,3.31,1.65,0,0,0,0,0.83,1.65,0.83,0,0.83,0,0,0,0,0,0,0,0,0,0,0,1.65,0.83,0,0,0.83,0,0,0,1.65,0,1.65,4.13,0,0,0,0,0,0,12.4,10.74,0,3.31,7.44,0,0,0.83,6.61,11.57,0.83,0.83,0,0,0,0,0,0.83,0,0,0,0,0.83,0,0
1,81,30.04,26.65,98.13,1,81,7.41,83.95,72.84,64.2,17.28,13.58,6.17,2.47,1.23,3.7,0,3.7,13.58,8.64,0,14.81,6.17,7.41,14.81,1.23,13.58,1.23,1.23,4.94,2.47,0,2.47,11.11,0,11.11,1.23,0,2.47,3.7,0,4.94,1.23,4.94,0,3.7,0,0,0,0,0,0,1.23,11.11,3.7,0,0,1.23,0,2.47,7.41,0,0,0,3.7,0,0,0,0,0,0,0,0,0,0,1.23,0,0,0,0,0,0,0,1.23,0,0,0,0,0,0,0,0,0,1.23,14.81,0,3.7,12.35,0,0,0,7.41,8.64,1.23,1.23,1.23,0,0,1.23,0,8.64,0,0,0,0,6.17,2.47,0
1,62,3.61,1,86.48,,62,12.9,95.16,83.87,69.35,30.65,17.74,16.13,0,0,1.61,0,12.9,14.52,4.84,0,9.68,14.52,4.84,4.84,0,25.81,1.61,0,4.84,1.61,1.61,1.61,12.9,0,12.9,3.23,0,0,6.45,1.61,3.23,1.61,0,0,0,0,0,0,0,0,0,0,9.68,4.84,0,0,0,0,4.84,4.84,1.61,0,0,3.23,0,0,0,0,4.84,0,0,4.84,0,0,0,0,0,0,0,0,0,0,0,0,0,0,0,0,0,0,0,0,3.23,3.23,0,0,3.23,0,0,0,0,19.35,0,0,4.84,0,0,4.84,0,1.61,0,0,0,0,1.61,0,0
1,116,3,3.55,99,32.15,116,8.62,86.21,76.72,68.97,19.83,10.34,8.62,0,0.86,0,0.86,9.48,12.93,6.03,1.72,9.48,9.48,14.66,12.93,0,14.66,0.86,4.31,0,0,0,0,17.24,0,16.38,2.59,1.72,2.59,7.76,0,4.31,0.86,0.86,0.86,0,0,0,0,0,0,0,0,1.72,0,0,0,0,0,0,1.72,0,0,0,0,0.86,0,0,0.86,1.72,0,0,0,1.72,0,0,0,0,0,0,0,0,0,0,0,0.86,0,0,0.86,0,0,0,0,5.17,12.93,0,1.72,10.34,0,0,0.86,6.03,6.9,1.72,0,1.72,0,0,1.72,0,3.45,0,0,0,0,3.45,0,0
1,76,48.35,5.07,95.77,8.11,76,14.47,90.79,78.95,59.21,9.21,5.26,3.95,0,0,0,1.32,3.95,13.16,5.26,2.63,15.79,7.89,5.26,15.79,0,18.42,10.53,6.58,0,0,0,0,23.68,3.95,19.74,3.95,1.32,2.63,9.21,1.32,7.89,1.32,1.32,0,1.32,0,0,0,0,0,0,0,5.26,3.95,0,1.32,0,0,2.63,2.63,0,0,0,1.32,0,0,0,0,1.32,0,0,1.32,0,0,0,0,0,0,0,0,0,0,0,0,0,0,0,0,0,0,0,0,5.26,9.21,0,3.95,5.26,0,0,0,5.26,7.89,1.32,1.32,0,0,0,0,0,3.95,1.32,0,0,0,2.63,0,0
1,116,12.25,1.94,43.66,5.8,116,12.07,85.34,73.28,63.79,18.97,13.79,9.48,0,0,4.31,0,5.17,11.21,3.45,0,14.66,11.21,7.76,10.34,1.72,20.69,1.72,0,0.86,0,0,0.86,15.52,0.86,14.66,0.86,1.72,3.45,5.17,0,5.17,0,3.45,0.86,2.59,3.45,0.86,2.59,0,1.72,0,0,11.21,6.03,0,0,0,0.86,3.45,4.31,0,0,0,4.31,0,0,0,0,0,0,0,0,0,0,3.45,0,0,0,0,0,0,0,3.45,0,2.59,0,0,0,0,0,0.86,0,4.31,6.9,0,0,6.9,0,0,0,2.59,7.76,4.31,1.72,0,0,0,0,0,5.17,0,0,0,0,4.31,0.86,0
1,108,21.76,72.07,3.81,20.23,108,11.11,86.11,75,60.19,21.3,10.19,3.7,4.63,0,0.93,0.93,11.11,16.67,5.56,0,11.11,9.26,4.63,7.41,0.93,11.11,7.41,2.78,8.33,7.41,0.93,0,6.48,0,6.48,0.93,0,0,2.78,1.85,3.7,0,7.41,3.7,3.7,4.63,2.78,1.85,0,0.93,0,0,11.11,1.85,0,0,0.93,0,1.85,9.26,0,0.93,0,0.93,0,0,0,0,1.85,0,0,1.85,0,0,0,0,0,0,0,0,0,0,0,0,0,0,0,0,0,0,0,0,10.19,3.7,0,0,0.93,2.78,0,0,0,10.19,0,0,6.48,0.93,0.93,4.63,0,11.11,0,0,0,0,3.7,7.41,0
1,42,3.52,1,84.92,,42,9.52,90.48,78.57,64.29,21.43,16.67,11.9,0,0,4.76,0,4.76,9.52,2.38,0,11.9,14.29,2.38,16.67,0,23.81,4.76,2.38,0,0,0,0,16.67,2.38,14.29,7.14,0,0,2.38,0,7.14,4.76,0,0,0,0,0,0,0,0,0,0,16.67,11.9,0,0,0,0,11.9,4.76,0,0,0,4.76,0,0,0,0,0,0,0,0,0,0,0,0,0,0,0,0,0,0,0,0,0,0,0,0,0,0,0,0,2.38,7.14,0,0,2.38,0,4.76,0,0,2.38,0,0,2.38,0,0,2.38,0,7.14,0,0,0,0,7.14,0,0
1,103,41.44,2.28,99,66.14,103,5.83,90.29,80.58,64.08,16.5,7.77,6.8,0,0.97,0,0,8.74,16.5,5.83,0.97,13.59,7.77,6.8,6.8,0.97,13.59,9.71,11.65,0.97,0,0,0.97,18.45,0.97,15.53,2.91,0.97,0,2.91,0,6.8,1.94,2.91,2.91,0,0.97,0.97,0,0,0,0,0,5.83,2.91,0,0,0,0,2.91,1.94,0,0,0,0,0,0,0,0,0.97,0,0,0.97,0,0,0,0,0,0,0,0,0,0,0,0,0,0,0.97,0,0,0,0,0,10.68,9.71,0,1.94,7.77,0.97,0,0,5.83,5.83,1.94,0,0.97,0,0,0.97,0,4.85,0,0,0,0,4.85,0,0
1,60,8.11,1.24,99,45.29,60,10,95,86.67,65,18.33,5,5,0,0,0,0,13.33,11.67,3.33,1.67,13.33,10,16.67,6.67,0,26.67,3.33,1.67,1.67,0,1.67,0,21.67,1.67,20,6.67,1.67,0,6.67,3.33,8.33,0,1.67,1.67,0,0,0,0,0,0,0,0,0,0,0,0,0,0,0,0,0,0,0,0,0,0,0,0,0,0,0,0,0,0,0,0,0,0,0,0,0,0,0,0,0,0,0,0,0,0,0,0,13.33,10,0,5,6.67,0,0,0,1.67,10,0,0,1.67,0,0,1.67,0,5,0,0,0,0,5,0,0
1,98,2.8,1.28,99,34.6,98,15.31,93.88,78.57,64.29,23.47,11.22,9.18,0,0,0,2.04,12.24,12.24,3.06,0,9.18,9.18,5.1,16.33,0,19.39,6.12,3.06,0,0,0,0,27.55,1.02,26.53,10.2,3.06,2.04,7.14,0,6.12,3.06,2.04,1.02,0,1.02,0,0,0,0,0,0,7.14,5.1,0,0,0,0,5.1,2.04,0,0,0,0,0,0,0,0,0,0,0,0,0,0,2.04,1.02,0,0,0,0,0,0,0,0,0,0,0,0,0,0,0,0,4.08,12.24,0,2.04,3.06,0,2.04,5.1,3.06,4.08,9.18,1.02,0,0,0,0,0,4.08,0,0,0,0,4.08,0,0
1,107,1.66,1.38,97.51,20.23,107,16.82,90.65,79.44,68.22,22.43,16.82,13.08,0,0,3.74,0,5.61,14.02,3.74,0,10.28,11.21,14.02,9.35,1.87,19.63,0.93,0.93,1.87,0.93,0.93,0,15.89,0,15.89,5.61,0,0,5.61,4.67,1.87,0.93,1.87,0.93,0.93,0,0,0,0,0,0,0,3.74,0,0,0,0,0,0,3.74,0,0,0,3.74,0,0,0,0,0.93,0,0.93,0,0,0,4.67,0.93,0,0,0,0,0,0,0,0,0,0.93,0,0,0.93,0,0,0,2.8,8.41,0,1.87,6.54,0,0.93,0,3.74,11.21,0.93,0,1.87,0.93,0,0.93,0,2.8,0,0,0,0,2.8,0,0
1,125,20.98,3.49,99,44.15,125,10.4,96,79.2,67.2,16.8,8,7.2,0,0,0.8,0,8.8,12.8,5.6,0,16,8,9.6,13.6,0.8,16.8,6.4,3.2,1.6,0,1.6,0,8.8,0,8.8,2.4,0.8,1.6,1.6,0,3.2,0,1.6,1.6,0,0,0,0,0,0,0,0,1.6,0.8,0,0,0,0,0,0.8,0,0,0,0.8,0,0,0,0,0.8,0,0.8,0,0,0,0,0,0,0,0,0,0,0,0,0,0,1.6,0,0,0,0.8,0,0.8,9.6,25.6,0,7.2,18.4,0,0,0,6.4,7.2,0.8,0,0,0,0,0,0,0.8,0,0,0,0,0.8,0,0
1,28,56.86,1,89.39,1,28,14.29,92.86,75,57.14,17.86,10.71,10.71,0,0,0,0,7.14,14.29,7.14,0,14.29,7.14,3.57,7.14,0,17.86,3.57,0,3.57,0,0,3.57,14.29,0,14.29,3.57,0,0,7.14,0,0,0,10.71,0,7.14,7.14,0,7.14,3.57,0,0,3.57,3.57,3.57,0,0,0,0,3.57,0,0,0,0,0,0,0,0,0,0,0,0,0,0,0,3.57,0,0,0,0,0,0,0,0,0,0,0,0,0,0,0,0,0,7.14,7.14,0,3.57,3.57,0,0,0,3.57,17.86,0,0,3.57,0,0,3.57,0,7.14,0,0,0,0,0,7.14,0
1,66,1,12.22,91.71,1.71,66,19.7,95.45,81.82,69.7,28.79,15.15,10.61,0,3.03,0,1.52,13.64,7.58,1.52,0,7.58,13.64,10.61,6.06,3.03,21.21,4.55,0,4.55,0,0,4.55,27.27,1.52,25.76,9.09,4.55,3.03,9.09,1.52,4.55,0,3.03,0,3.03,1.52,0,1.52,1.52,0,0,0,13.64,1.52,0,0,0,1.52,0,9.09,0,0,0,0,0,0,0,0,0,0,0,0,0,0,0,0,0,0,0,0,0,0,0,0,0,1.52,0,0,0,0,1.52,0,7.58,4.55,0,0,1.52,1.52,0,1.52,3.03,12.12,3.03,0,1.52,0,1.52,0,0,3.03,0,0,0,0,3.03,0,0
1,54,23.88,29.78,96.01,1,54,11.11,96.3,87.04,66.67,25.93,22.22,12.96,1.85,0,7.41,0,3.7,7.41,3.7,0,18.52,5.56,9.26,7.41,0,22.22,3.7,0,5.56,1.85,3.7,0,7.41,0,7.41,3.7,0,3.7,0,0,0,0,3.7,0,3.7,0,0,0,0,0,0,0,9.26,0,0,0,0,0,0,9.26,0,0,0,7.41,0,0,0,0,0,0,0,0,0,0,5.56,1.85,0,0,0,0,0,0,0,0,0,5.56,0,0,0,0,0,0,7.41,18.52,0,5.56,11.11,0,0,3.7,5.56,9.26,1.85,0,0,0,0,0,0,0,0,0,0,0,0,0,0
1,155,6.9,93.27,35.88,1,155,4.52,92.26,80,60.65,26.45,20.65,7.1,0,3.23,2.58,7.74,5.81,7.1,3.23,0,9.03,9.68,5.81,4.52,1.94,27.74,1.94,1.94,3.23,0,0.65,2.58,15.48,2.58,12.9,1.94,3.87,4.52,1.29,0,1.94,0,5.16,0.65,4.52,1.94,0,1.94,1.29,0.65,0,0,23.23,5.81,1.29,0,1.94,0,2.58,19.35,0,0,0,3.87,0.65,0,0,0.65,0,0,0,0,0,0,1.29,0,0,0,0,0,0,0,1.29,1.29,1.29,2.58,0,0,0,0,0,0,14.84,12.9,1.29,2.58,9.03,2.58,0,0,0.65,7.1,0.65,3.23,1.29,0.65,0,0.65,0,5.16,0,0,0,0,5.16,0,0
1,61,4.22,6.87,61.1,44.83,61,8.2,88.52,75.41,65.57,29.51,27.87,16.39,0,0,11.48,0,1.64,13.11,3.28,0,9.84,8.2,3.28,11.48,0,18.03,0,0,0,0,0,0,9.84,0,9.84,1.64,3.28,0,1.64,1.64,3.28,0,1.64,1.64,0,0,0,0,0,0,0,0,13.11,1.64,1.64,0,0,0,0,11.48,0,0,0,11.48,0,0,0,0,1.64,0,1.64,0,0,0,6.56,0,0,0,0,0,0,0,0,0,0,1.64,0,0,0,0,0,0,1.64,11.48,0,3.28,4.92,0,0,3.28,1.64,11.48,0,0,0,0,0,0,0,3.28,0,0,0,0,3.28,0,0
1,48,43.4,84.23,15.38,83,48,14.58,89.58,66.67,56.25,18.75,12.5,6.25,0,0,6.25,0,6.25,16.67,6.25,0,12.5,4.17,6.25,6.25,2.08,10.42,6.25,0,4.17,4.17,0,0,18.75,4.17,14.58,6.25,2.08,0,0,4.17,0,0,4.17,4.17,0,2.08,2.08,0,0,0,0,0,22.92,4.17,2.08,0,0,0,2.08,16.67,6.25,0,2.08,10.42,0,0,0,0,0,0,0,0,0,0,0,0,0,0,0,0,0,0,0,0,0,0,0,0,0,0,0,0,8.33,6.25,0,0,4.17,0,0,2.08,2.08,2.08,2.08,0,0,0,0,0,0,6.25,0,0,0,0,6.25,0,0
1,108,7.9,76.56,89.39,33.13,108,9.26,93.52,78.7,63.89,25.93,24.07,12.96,0,8.33,0.93,1.85,1.85,12.04,5.56,0,11.11,6.48,11.11,5.56,2.78,18.52,1.85,0.93,2.78,1.85,0,0.93,13.89,3.7,10.19,0.93,1.85,3.7,0.93,0,4.63,0,6.48,3.7,2.78,2.78,0.93,1.85,0,0,0,0,24.07,4.63,0,0,0,0,4.63,18.52,6.48,0,1.85,1.85,0,0,0,0,0,0,0,0,0,0,4.63,0,0,0,0,0,0,0,0,0,2.78,0.93,0.93,0,0,0,0.93,0,7.41,8.33,0,0,7.41,0.93,0,0,3.7,5.56,1.85,3.7,2.78,2.78,0,0,0,5.56,0,0,0,0,4.63,0.93,0
1,57,8.01,60.92,70.28,1,57,10.53,89.47,70.18,59.65,15.79,10.53,5.26,0,0,5.26,0,5.26,8.77,7.02,0,8.77,15.79,10.53,8.77,0,24.56,1.75,0,0,0,0,0,1.75,0,1.75,0,0,0,1.75,0,0,0,3.51,0,3.51,0,0,0,0,0,0,0,14.04,5.26,0,0,0,0,5.26,8.77,0,0,0,8.77,0,0,0,0,0,0,0,0,0,0,5.26,0,0,0,0,0,0,5.26,0,1.75,0,1.75,1.75,0,0,0,0,0,3.51,14.04,0,1.75,12.28,0,0,0,7.02,26.32,0,0,0,0,0,0,0,1.75,0,0,0,0,0,1.75,0
1,45,1.78,2.75,19.26,1,45,11.11,86.67,68.89,57.78,28.89,24.44,17.78,0,0,6.67,0,4.44,6.67,0,0,6.67,11.11,2.22,8.89,0,17.78,2.22,0,0,0,0,0,8.89,0,8.89,2.22,0,4.44,0,2.22,0,0,11.11,0,11.11,4.44,0,4.44,0,0,0,0,6.67,0,0,0,0,0,0,6.67,0,0,0,6.67,0,0,0,0,0,0,0,0,0,0,13.33,2.22,0,0,0,0,0,0,0,0,0,0,0,0,0,0,0,0,2.22,6.67,0,0,0,0,2.22,4.44,4.44,11.11,0,2.22,6.67,2.22,0,4.44,0,4.44,0,0,0,0,4.44,0,0
1,79,42.69,2.5,99,8.44,79,17.72,89.87,75.95,58.23,16.46,8.86,6.33,0,0,0,2.53,7.59,17.72,10.13,0,10.13,7.59,5.06,8.86,1.27,17.72,10.13,1.27,0,0,0,0,18.99,0,18.99,6.33,0,0,2.53,1.27,6.33,7.59,1.27,0,1.27,0,0,0,0,0,0,0,2.53,0,0,0,0,0,0,2.53,0,0,0,0,5.06,0,0,5.06,0,0,0,0,0,0,0,0,0,0,0,0,0,0,0,0,0,0,1.27,0,0,0,0,0,5.06,17.72,0,6.33,8.86,1.27,1.27,1.27,2.53,7.59,2.53,0,1.27,0,0,1.27,0,3.8,0,0,0,0,3.8,0,0
1,35,1,72.87,99,20.23,35,5.71,97.14,91.43,71.43,28.57,17.14,8.57,5.71,0,0,2.86,11.43,5.71,0,0,11.43,11.43,14.29,5.71,0,28.57,0,2.86,8.57,5.71,0,2.86,22.86,0,22.86,14.29,11.43,2.86,0,0,0,0,5.71,2.86,2.86,0,0,0,0,0,0,0,11.43,2.86,0,0,2.86,0,0,8.57,0,0,0,0,0,0,0,0,0,0,0,0,0,0,0,0,0,0,0,0,0,0,0,0,0,0,0,0,0,0,0,0,11.43,8.57,0,0,8.57,0,0,0,8.57,11.43,0,0,0,0,0,0,0,2.86,0,0,0,0,2.86,0,0
1,29,1,99,7.91,,29,0,96.55,82.76,75.86,37.93,27.59,6.9,0,20.69,0,0,10.34,6.9,3.45,0,10.34,17.24,3.45,6.9,0,24.14,0,0,0,0,0,0,24.14,0,24.14,6.9,0,13.79,10.34,0,3.45,0,0,0,0,0,0,0,0,0,0,0,31.03,10.34,0,0,0,0,10.34,20.69,0,0,0,0,0,0,0,0,0,0,0,0,0,0,0,0,0,0,0,0,0,0,0,0,0,0,0,0,0,0,0,0,0,6.9,0,0,6.9,0,0,0,0,3.45,0,0,0,0,0,0,0,6.9,0,0,0,0,3.45,3.45,0
1,48,1.39,1,89.39,52.41,48,6.25,93.75,83.33,64.58,22.92,20.83,12.5,0,0,8.33,0,2.08,16.67,2.08,0,8.33,8.33,12.5,2.08,10.42,22.92,2.08,2.08,0,0,0,0,20.83,6.25,14.58,2.08,0,2.08,10.42,8.33,4.17,0,2.08,2.08,0,0,0,0,0,0,0,0,12.5,2.08,0,0,0,0,2.08,10.42,0,0,8.33,0,0,0,0,0,4.17,0,2.08,2.08,0,0,4.17,0,0,0,0,0,0,0,0,0,0,0,0,0,0,0,0,0,14.58,12.5,0,4.17,10.42,2.08,0,0,2.08,10.42,0,0,2.08,0,0,2.08,0,6.25,0,0,0,0,6.25,0,0
1,28,89.52,91.33,72.58,,28,17.86,85.71,71.43,67.86,17.86,7.14,0,7.14,0,0,0,10.71,25,7.14,7.14,25,3.57,7.14,0,3.57,7.14,0,14.29,7.14,7.14,0,0,7.14,3.57,3.57,0,0,0,0,0,3.57,0,0,0,0,0,0,0,0,0,0,0,10.71,0,0,0,0,0,0,10.71,0,0,0,0,0,0,0,0,0,0,0,0,0,0,0,0,0,0,0,0,0,0,0,0,0,0,0,0,0,0,0,7.14,10.71,25,7.14,0,17.86,7.14,0,0,0,3.57,0,0,3.57,0,0,3.57,0,3.57,0,0,0,0,3.57,0,0
1,24,10.19,1,39.59,,24,8.33,95.83,75,66.67,16.67,8.33,4.17,0,0,4.17,0,8.33,29.17,8.33,4.17,4.17,8.33,4.17,4.17,12.5,12.5,0,12.5,0,0,0,0,29.17,4.17,25,0,0,0,12.5,8.33,16.67,0,0,0,0,0,0,0,0,0,0,0,20.83,12.5,0,0,0,0,12.5,8.33,0,0,0,4.17,0,0,0,0,0,0,0,0,0,0,0,0,0,0,0,0,0,0,0,0,0,0,0,0,0,0,0,0,8.33,0,0,0,0,0,0,0,0,12.5,0,0,0,0,0,0,0,8.33,0,0,0,0,8.33,0,0
1,42,2.35,16.63,84.92,57.46,42,4.76,92.86,88.1,61.9,26.19,23.81,16.67,0,2.38,4.76,0,2.38,4.76,0,0,9.52,16.67,4.76,4.76,0,38.1,2.38,2.38,9.52,2.38,4.76,2.38,19.05,2.38,16.67,2.38,0,7.14,2.38,0,4.76,0,2.38,2.38,0,0,0,0,0,0,0,0,21.43,7.14,0,0,0,0,7.14,14.29,7.14,0,2.38,4.76,0,0,0,0,0,0,0,0,0,0,0,0,0,0,0,0,0,0,0,0,0,0,0,0,0,0,0,0,7.14,7.14,0,7.14,4.76,0,0,0,0,9.52,0,0,2.38,0,0,2.38,0,9.52,0,0,0,0,7.14,2.38,0
1,49,27.39,40.06,1.55,51.68,49,10.2,97.96,89.8,59.18,24.49,22.45,10.2,0,0,12.24,0,2.04,10.2,2.04,0,16.33,4.08,4.08,8.16,2.04,26.53,2.04,2.04,0,0,0,0,6.12,4.08,2.04,0,0,0,2.04,0,0,0,2.04,2.04,0,0,0,0,0,0,0,0,24.49,12.24,4.08,0,0,0,10.2,12.24,0,0,0,12.24,0,0,0,0,0,0,0,0,0,0,8.16,6.12,6.12,0,0,0,0,0,0,2.04,0,6.12,0,0,0,0,0,0,10.2,6.12,0,4.08,2.04,0,0,0,2.04,14.29,0,0,6.12,0,2.04,4.08,0,0,0,0,0,0,0,0,0
1,82,69.71,99,4.11,8.75,82,10.98,93.9,76.83,62.2,15.85,12.2,2.44,6.1,0,2.44,1.22,3.66,14.63,12.2,1.22,14.63,9.76,7.32,3.66,0,20.73,2.44,1.22,10.98,6.1,0,4.88,12.2,2.44,9.76,2.44,1.22,3.66,1.22,0,0,1.22,3.66,1.22,2.44,2.44,0,2.44,0,2.44,0,0,19.51,4.88,0,1.22,2.44,0,1.22,15.85,0,0,0,3.66,0,0,0,0,0,0,0,0,0,0,0,0,0,0,0,0,0,0,0,3.66,1.22,0,0,0,0,0,1.22,0,6.1,9.76,0,2.44,7.32,0,0,0,0,8.54,2.44,2.44,4.88,1.22,0,3.66,0,3.66,1.22,0,0,0,2.44,0,0
1,26,74.95,1,30.98,,26,19.23,92.31,65.38,46.15,23.08,19.23,11.54,0,0,7.69,0,3.85,19.23,7.69,0,7.69,0,0,0,0,11.54,7.69,7.69,0,0,0,0,7.69,0,7.69,0,7.69,0,0,0,0,0,15.38,0,0,0,0,0,0,0,0,15.38,15.38,7.69,3.85,0,0,0,3.85,7.69,0,0,0,7.69,0,0,0,0,0,0,0,0,0,0,0,0,0,0,0,0,0,0,0,0,0,0,0,0,0,0,0,0,3.85,3.85,0,0,3.85,0,0,0,7.69,7.69,0,0,3.85,0,3.85,0,0,3.85,0,0,0,0,3.85,0,0
1,40,2.5,15.75,45.52,,40,32.5,72.5,65,55,5,2.5,0,2.5,0,0,0,2.5,5,0,0,7.5,15,15,10,5,17.5,7.5,0,7.5,5,0,2.5,30,0,30,10,10,0,2.5,5,5,0,0,0,0,0,0,0,0,0,0,0,5,2.5,0,0,0,0,0,2.5,0,0,0,0,0,0,0,0,5,0,0,5,0,0,0,0,0,0,0,0,0,0,0,0,0,0,0,0,0,0,0,0,2.5,2.5,0,0,2.5,0,0,0,0,0,12.5,0,0,0,0,0,0,2.5,0,0,0,0,2.5,0,0
1,72,73.36,64.67,15.38,64,72,18.06,91.67,79.17,59.72,16.67,5.56,0,4.17,0,0,0,11.11,16.67,9.72,0,16.67,4.17,4.17,6.94,2.78,15.28,6.94,1.39,6.94,4.17,1.39,1.39,20.83,0,20.83,6.94,2.78,2.78,2.78,0,2.78,1.39,2.78,2.78,0,0,0,0,0,0,0,0,9.72,4.17,0,0,0,1.39,1.39,5.56,0,0,0,0,0,0,0,0,4.17,0,0,4.17,0,0,0,0,0,0,0,0,0,0,0,0,1.39,1.39,0,1.39,0,0,0,0,4.17,4.17,0,0,4.17,0,0,0,1.39,1.39,4.17,5.56,2.78,0,0,2.78,0,4.17,0,0,0,0,4.17,0,0
1,57,76.53,96.86,4.51,5.65,57,14.04,87.72,73.68,54.39,17.54,12.28,0,0,0,7.02,5.26,5.26,15.79,10.53,0,14.04,3.51,5.26,5.26,0,15.79,1.75,0,1.75,0,1.75,0,3.51,0,3.51,1.75,0,0,0,0,1.75,0,1.75,0,1.75,0,0,0,0,0,0,0,17.54,1.75,0,0,0,0,1.75,15.79,0,0,0,10.53,1.75,0,0,1.75,3.51,0,0,3.51,0,0,1.75,0,0,0,0,0,0,0,0,0,0,3.51,0,0,0,0,1.75,0,0,12.28,0,5.26,5.26,0,0,1.75,1.75,10.53,0,0,5.26,0,0,5.26,0,1.75,0,0,0,0,1.75,0,0
1,45,13.5,10.48,32.09,3.72,45,8.89,93.33,71.11,62.22,15.56,13.33,8.89,0,0,4.44,0,2.22,11.11,8.89,0,6.67,20,4.44,4.44,2.22,24.44,2.22,0,2.22,0,2.22,0,13.33,0,13.33,4.44,4.44,4.44,0,0,2.22,0,2.22,0,2.22,0,0,0,0,0,0,0,6.67,2.22,0,2.22,0,0,0,6.67,0,0,0,6.67,0,0,0,0,4.44,0,0,4.44,0,0,2.22,0,0,0,0,0,0,0,0,0,0,0,0,0,0,0,0,0,11.11,6.67,0,2.22,4.44,0,0,0,2.22,15.56,2.22,0,2.22,0,0,2.22,0,6.67,2.22,0,0,0,4.44,0,0
1,14,2.35,9.23,1,1,14,50,100,64.29,42.86,7.14,7.14,7.14,0,0,0,0,0,0,0,21.43,0,14.29,21.43,0,0,14.29,0,21.43,0,0,0,0,35.71,0,35.71,0,0,7.14,0,21.43,0,0,7.14,0,7.14,7.14,0,7.14,0,0,7.14,0,0,0,0,0,0,0,0,0,0,0,0,0,0,0,0,0,0,0,0,0,0,0,0,0,0,0,0,0,0,0,0,0,0,0,0,0,0,0,0,0,7.14,0,0,0,0,0,0,0,0,0,0,0,14.29,0,14.29,0,0,0,0,0,0,0,0,0,0
1,41,34.12,8.81,97.82,1,41,9.76,87.8,80.49,68.29,24.39,17.07,7.32,0,2.44,0,7.32,7.32,19.51,7.32,2.44,14.63,9.76,0,9.76,0,21.95,9.76,2.44,2.44,0,0,2.44,17.07,0,17.07,4.88,2.44,0,2.44,0,12.2,0,4.88,0,4.88,0,0,0,0,0,0,0,14.63,4.88,0,0,2.44,0,2.44,9.76,0,0,0,0,0,0,0,0,0,0,0,0,0,0,2.44,0,0,0,0,0,0,0,2.44,0,0,0,0,0,0,0,0,0,4.88,4.88,0,0,4.88,0,0,0,0,7.32,4.88,4.88,0,0,0,0,0,2.44,0,0,0,0,2.44,0,0
1,9,1.78,99,1,1,9,0,88.89,77.78,66.67,22.22,22.22,0,0,0,22.22,0,0,11.11,11.11,0,0,11.11,11.11,11.11,0,22.22,0,0,0,0,0,0,22.22,0,22.22,0,11.11,11.11,0,0,0,0,11.11,0,11.11,0,0,0,0,0,0,0,22.22,0,0,0,0,0,0,22.22,0,0,11.11,11.11,0,0,0,0,0,0,0,0,0,0,0,0,0,0,0,0,0,0,0,0,0,11.11,0,0,0,0,0,0,11.11,0,0,0,0,0,0,0,0,0,0,0,0,0,0,0,0,0,0,0,0,0,0,0,0
1,46,54.07,1.4,96.69,20.23,46,6.52,91.3,76.09,60.87,19.57,15.22,10.87,0,0,4.35,0,4.35,15.22,6.52,2.17,17.39,4.35,2.17,8.7,4.35,13.04,4.35,4.35,4.35,0,2.17,2.17,10.87,2.17,8.7,4.35,0,0,2.17,0,4.35,0,4.35,2.17,2.17,0,0,0,0,0,0,0,6.52,0,0,0,0,0,0,6.52,0,0,0,4.35,0,0,0,0,6.52,0,0,4.35,0,2.17,4.35,2.17,0,0,0,0,0,0,0,0,0,0,0,0,0,0,0,0,8.7,6.52,0,4.35,2.17,0,0,0,6.52,8.7,2.17,0,0,0,0,0,0,4.35,0,0,0,0,4.35,0,0
1,41,1.93,16.2,87.24,3.01,41,9.76,95.12,87.8,70.73,31.71,14.63,7.32,0,7.32,0,0,17.07,14.63,4.88,0,12.2,9.76,7.32,7.32,4.88,26.83,0,0,0,0,0,0,21.95,0,21.95,7.32,4.88,2.44,2.44,0,7.32,0,2.44,0,2.44,0,0,0,0,0,0,0,17.07,9.76,0,0,0,0,7.32,7.32,0,0,0,0,0,0,0,0,0,0,0,0,0,0,0,0,0,0,0,0,0,0,0,0,2.44,0,0,0,0,0,0,0,4.88,4.88,0,0,4.88,0,0,0,0,0,9.76,2.44,0,0,0,0,0,0,0,0,0,0,0,0,0
1,42,70.33,54.27,84.92,1,42,23.81,88.1,69.05,50,11.9,7.14,4.76,0,0,2.38,0,4.76,11.9,7.14,0,11.9,7.14,4.76,4.76,0,11.9,0,2.38,11.9,4.76,0,7.14,16.67,4.76,11.9,4.76,2.38,0,2.38,2.38,2.38,0,4.76,0,4.76,0,0,0,0,0,0,0,9.52,0,0,0,0,0,0,9.52,0,2.38,2.38,0,0,0,0,0,0,0,0,0,0,0,0,0,0,0,0,0,0,0,0,0,0,0,0,0,0,0,0,0,9.52,11.9,0,2.38,9.52,0,0,0,2.38,2.38,4.76,0,14.29,0,4.76,9.52,0,2.38,0,0,0,0,2.38,0,0
1,77,1,7.72,50.45,39.1,77,12.99,87.01,84.42,68.83,28.57,18.18,10.39,0,0,7.79,0,10.39,16.88,2.6,0,7.79,12.99,6.49,9.09,5.19,22.08,1.3,2.6,1.3,1.3,0,0,7.79,3.9,3.9,1.3,0,0,0,1.3,1.3,0,1.3,1.3,0,1.3,1.3,0,0,0,0,0,12.99,3.9,0,0,0,0,3.9,9.09,1.3,0,7.79,0,1.3,0,0,1.3,0,0,0,0,0,0,0,0,0,0,0,0,0,0,0,0,0,0,0,0,0,0,0,0,3.9,5.19,0,0,5.19,0,0,0,7.79,16.88,0,0,3.9,0,1.3,2.6,0,6.49,0,0,0,0,6.49,0,0
1,27,23.88,1,99,1,27,29.63,77.78,59.26,40.74,22.22,18.52,18.52,0,0,0,0,3.7,11.11,7.41,0,0,11.11,0,0,0,22.22,3.7,0,0,0,0,0,18.52,3.7,14.81,14.81,0,0,0,0,0,0,3.7,0,3.7,0,0,0,0,0,0,0,7.41,7.41,0,3.7,0,0,3.7,3.7,0,0,0,3.7,0,0,0,0,0,0,0,0,0,0,0,0,0,0,0,0,0,0,0,0,0,0,0,0,0,0,0,0,3.7,0,0,0,0,0,0,0,0,0,7.41,0,11.11,0,3.7,7.41,0,11.11,3.7,0,0,0,7.41,0,0
1,67,3.63,90.68,2.69,7.03,67,13.43,77.61,73.13,59.7,16.42,13.43,2.99,0,5.97,2.99,0,2.99,7.46,4.48,0,5.97,14.93,7.46,10.45,1.49,22.39,5.97,4.48,0,0,0,0,10.45,0,10.45,2.99,1.49,0,1.49,1.49,2.99,0,4.48,1.49,2.99,2.99,0,2.99,0,0,0,0,16.42,4.48,0,1.49,0,0,1.49,11.94,0,0,1.49,1.49,0,0,0,0,0,0,0,0,0,0,1.49,1.49,0,0,1.49,0,0,0,0,0,0,0,0,0,0,0,0,0,4.48,2.99,0,0,1.49,0,1.49,0,0,11.94,4.48,0,1.49,0,0,1.49,0,4.48,1.49,0,0,0,2.99,0,0
1,108,73.36,62.05,39.59,33.13,108,19.44,90.74,79.63,59.26,12.04,1.85,0,0,0.93,0,0.93,10.19,17.59,9.26,3.7,14.81,9.26,0.93,10.19,0,19.44,0.93,6.48,5.56,3.7,1.85,0.93,15.74,1.85,13.89,2.78,0.93,2.78,6.48,0,5.56,0,2.78,1.85,0.93,0.93,0.93,0,0,0,0,0,13.89,2.78,0.93,0,0,0,0.93,8.33,0,0.93,0,0,0,0,0,0,4.63,0.93,0,0,0,3.7,0.93,0,0,0,0,0,0.93,0,0,0,0,0,0,0,0,0,0,0,6.48,8.33,0,2.78,5.56,0,0,0,2.78,2.78,2.78,1.85,4.63,0,0,4.63,0,5.56,0,0,0,0,3.7,1.85,0
1,51,1,1,97.97,4.72,51,11.76,76.47,70.59,62.75,23.53,17.65,13.73,0,3.92,0,0,5.88,5.88,0,0,5.88,11.76,21.57,0,11.76,19.61,7.84,0,0,0,0,0,17.65,13.73,3.92,1.96,0,0,0,0,0,0,1.96,0,1.96,0,0,0,0,0,0,0,11.76,3.92,0,0,1.96,1.96,1.96,1.96,0,0,0,0,0,0,0,0,0,0,0,0,0,0,0,0,0,0,0,0,0,0,0,0,0,1.96,0,0,0,0,0,0,7.84,0,0,0,0,0,0,0,13.73,7.84,3.92,0,1.96,0,1.96,0,0,5.88,0,0,0,0,5.88,0,0
1,59,5.82,40.06,20.4,91.11,59,5.08,88.14,81.36,71.19,28.81,20.34,6.78,0,5.08,6.78,0,8.47,16.95,1.69,0,15.25,8.47,3.39,8.47,5.08,18.64,1.69,5.08,0,0,0,0,22.03,3.39,18.64,3.39,1.69,3.39,0,0,6.78,0,5.08,5.08,0,3.39,3.39,0,0,0,0,0,15.25,1.69,0,0,0,0,1.69,13.56,0,0,3.39,3.39,0,0,0,0,1.69,0,0,0,0,1.69,0,0,0,0,0,0,0,0,0,0,0,0,0,0,0,0,0,0,0,6.78,0,0,3.39,0,3.39,0,3.39,1.69,6.78,0,1.69,0,0,1.69,0,8.47,0,0,0,0,8.47,0,0
